CREATE DATABASE  IF NOT EXISTS `metrodora_fp` /*!40100 DEFAULT CHARACTER SET utf8mb4 COLLATE utf8mb4_0900_ai_ci */ /*!80016 DEFAULT ENCRYPTION='N' */;
USE `metrodora_fp`;
-- MySQL dump 10.13  Distrib 8.0.34, for Win64 (x86_64)
--
-- Host: localhost    Database: metrodora_fp
-- ------------------------------------------------------
-- Server version	8.1.0

/*!40101 SET @OLD_CHARACTER_SET_CLIENT=@@CHARACTER_SET_CLIENT */;
/*!40101 SET @OLD_CHARACTER_SET_RESULTS=@@CHARACTER_SET_RESULTS */;
/*!40101 SET @OLD_COLLATION_CONNECTION=@@COLLATION_CONNECTION */;
/*!50503 SET NAMES utf8 */;
/*!40103 SET @OLD_TIME_ZONE=@@TIME_ZONE */;
/*!40103 SET TIME_ZONE='+00:00' */;
/*!40014 SET @OLD_UNIQUE_CHECKS=@@UNIQUE_CHECKS, UNIQUE_CHECKS=0 */;
/*!40014 SET @OLD_FOREIGN_KEY_CHECKS=@@FOREIGN_KEY_CHECKS, FOREIGN_KEY_CHECKS=0 */;
/*!40101 SET @OLD_SQL_MODE=@@SQL_MODE, SQL_MODE='NO_AUTO_VALUE_ON_ZERO' */;
/*!40111 SET @OLD_SQL_NOTES=@@SQL_NOTES, SQL_NOTES=0 */;

--
-- Table structure for table `asignatura`
--

DROP TABLE IF EXISTS `asignatura`;
/*!40101 SET @saved_cs_client     = @@character_set_client */;
/*!50503 SET character_set_client = utf8mb4 */;
CREATE TABLE `asignatura` (
  `ID_Asignatura` int NOT NULL AUTO_INCREMENT,
  `Nombre` varchar(100) DEFAULT NULL,
  `HorasSemanales` int DEFAULT NULL,
  `Duracion_Anual` int DEFAULT NULL,
  PRIMARY KEY (`ID_Asignatura`)
) ENGINE=InnoDB AUTO_INCREMENT=162 DEFAULT CHARSET=utf8mb4 COLLATE=utf8mb4_0900_ai_ci;
/*!40101 SET character_set_client = @saved_cs_client */;

--
-- Dumping data for table `asignatura`
--

LOCK TABLES `asignatura` WRITE;
/*!40000 ALTER TABLE `asignatura` DISABLE KEYS */;
INSERT INTO `asignatura` VALUES (1,'Técnicas Básicas de Enfermería',11,350),(2,'TAO (Técnicas de ayuda odontológica/estomatológica)',4,130),(3,'Promoción de la salud y apoyo psicológico al paciente',4,130),(4,'FOL (Formación y orientación laboral)',2,65),(5,'RET (Relaciones en el entorno de trabajo)',2,65),(6,'Higiene del medio hospitalario y limpieza del material',5,155),(7,'Operaciones administrativas y documentación sanitaria',2,65),(8,'Exploración de la cavidad oral',4,125),(9,'Estudio de la cavidad oral',6,185),(10,'Recepción y logística en la clínica dental',4,125),(11,'Intervención Bucodental',7,225),(12,'Fisiopatología general',6,195),(13,'Organización y gestión del área de trabajo asignada en la unidad / gabinete de dietética',3,95),(14,'Alimentación equilibrada',10,320),(15,'Control Alimentario',6,190),(16,'Fisopatología aplicada a la dietética',7,225),(17,'Gestión de muestras biológicas',6,195),(18,'Técnicas generales de laboratorio',7,230),(19,'Biología molecular y citogenética',6,195),(21,'Análisis bioquímico',8,175),(22,'Técnicas de inmunodiagnóstico',5,190),(23,'Microbiología clínica',7,140),(24,'Técnicas de análisis hematológico',8,175),(25,'Inglés técnico para grado superior',2,40),(26,'Atención al paciente',4,130),(27,'Fundamentos físicos y equipos',8,260),(28,'Anatomía por la imagen',8,260),(29,'Protección radiológica',5,165),(30,'Simulación del tratamiento',6,125),(31,'Dosimetría física y clínica',7,150),(32,'Tratamientos con teleterapia',9,190),(33,'Tratamientos con braquiterapia',6,125),(34,'EIE(Empresa e inciativa emprendedora)',2,85),(35,'FOL2',3,90);
/*!40000 ALTER TABLE `asignatura` ENABLE KEYS */;
UNLOCK TABLES;

--
-- Table structure for table `aula`
--

DROP TABLE IF EXISTS `aula`;
/*!40101 SET @saved_cs_client     = @@character_set_client */;
/*!50503 SET character_set_client = utf8mb4 */;
CREATE TABLE `aula` (
  `ID_Aula` int NOT NULL AUTO_INCREMENT,
  `Nombre` varchar(100) DEFAULT NULL,
  PRIMARY KEY (`ID_Aula`)
) ENGINE=InnoDB AUTO_INCREMENT=10 DEFAULT CHARSET=utf8mb4 COLLATE=utf8mb4_0900_ai_ci;
/*!40101 SET character_set_client = @saved_cs_client */;

--
-- Dumping data for table `aula`
--

LOCK TABLES `aula` WRITE;
/*!40000 ALTER TABLE `aula` DISABLE KEYS */;
INSERT INTO `aula` VALUES (1,'E y aula polivalente'),(2,'H y aula polivalente'),(3,'Anexo2. Aula taller de dietética D'),(4,'[2ª B1]'),(5,'[1ª Aula CItodiagnóstico A2]'),(6,'[2ª planta Aula polivalente P1]'),(7,'[1ª planta RT1]'),(8,'[1ª planta R2]'),(9,'[1ª planta RT2]');
/*!40000 ALTER TABLE `aula` ENABLE KEYS */;
UNLOCK TABLES;

--
-- Table structure for table `ciclo`
--

DROP TABLE IF EXISTS `ciclo`;
/*!40101 SET @saved_cs_client     = @@character_set_client */;
/*!50503 SET character_set_client = utf8mb4 */;
CREATE TABLE `ciclo` (
  `ID_Ciclo` int NOT NULL AUTO_INCREMENT,
  `Nombre` varchar(100) DEFAULT NULL,
  PRIMARY KEY (`ID_Ciclo`)
) ENGINE=InnoDB AUTO_INCREMENT=57 DEFAULT CHARSET=utf8mb4 COLLATE=utf8mb4_0900_ai_ci;
/*!40101 SET character_set_client = @saved_cs_client */;

--
-- Dumping data for table `ciclo`
--

LOCK TABLES `ciclo` WRITE;
/*!40000 ALTER TABLE `ciclo` DISABLE KEYS */;
INSERT INTO `ciclo` VALUES (1,'TCAE (MAÑANA)'),(2,'TCAE (TARDE)'),(3,'HIGIENE BUCODENTAL (MAÑANA)'),(4,'HIGIENE BUCODENTAL (TARDE)'),(5,'DIETÉTICA (MAÑANA)'),(6,'1º TS LABORATORIO CLÍNICO Y BIOMÉDICO'),(7,'TS ANATOMÍA PATOLÓGICA Y CITODIAGNÓSTICO'),(8,'2º LABORATORIO CLÍNICO Y BIOMÉDICO'),(9,'1º RADIOTERAPIA Y DOSIMETRÍA'),(10,'IMAGEN PARA EL DIAGNÓSTICO Y MEDICINA NUCLEAR'),(11,'2º RADIOTERAPIA Y DOSIMETRÍA (MAÑANA)'),(25,'Celador Sanitario '),(29,'Celador Sanitario '),(31,'Celador Sanitario '),(33,'Celador Sanitario '),(37,'Celador Sanitario '),(38,'Celador Sanitario '),(45,'Celador Sanitario '),(49,'Celador Sanitario ');
/*!40000 ALTER TABLE `ciclo` ENABLE KEYS */;
UNLOCK TABLES;

--
-- Table structure for table `horarioasignatura`
--

DROP TABLE IF EXISTS `horarioasignatura`;
/*!40101 SET @saved_cs_client     = @@character_set_client */;
/*!50503 SET character_set_client = utf8mb4 */;
CREATE TABLE `horarioasignatura` (
  `ID_HorarioAsignatura` int NOT NULL AUTO_INCREMENT,
  `ID_Ciclo` int DEFAULT NULL,
  `ID_Asignatura` int DEFAULT NULL,
  `DiaSemana` varchar(20) DEFAULT NULL,
  `HoraInicio` time DEFAULT NULL,
  `HoraFin` time DEFAULT NULL,
  PRIMARY KEY (`ID_HorarioAsignatura`),
  KEY `ID_Ciclo` (`ID_Ciclo`),
  KEY `ID_Asignatura` (`ID_Asignatura`),
  CONSTRAINT `horarioasignatura_ibfk_1` FOREIGN KEY (`ID_Ciclo`) REFERENCES `ciclo` (`ID_Ciclo`),
  CONSTRAINT `horarioasignatura_ibfk_2` FOREIGN KEY (`ID_Asignatura`) REFERENCES `asignatura` (`ID_Asignatura`)
) ENGINE=InnoDB AUTO_INCREMENT=319 DEFAULT CHARSET=utf8mb4 COLLATE=utf8mb4_0900_ai_ci;
/*!40101 SET character_set_client = @saved_cs_client */;

--
-- Dumping data for table `horarioasignatura`
--

LOCK TABLES `horarioasignatura` WRITE;
/*!40000 ALTER TABLE `horarioasignatura` DISABLE KEYS */;
INSERT INTO `horarioasignatura` VALUES (130,1,7,'LUNES','08:30:00','10:20:00'),(131,1,1,'LUNES','11:45:00','14:30:00'),(132,1,1,'MARTES','08:30:00','11:15:00'),(133,1,6,'MARTES','11:45:00','14:30:00'),(134,1,1,'MIÉRCOLES','08:30:00','11:15:00'),(135,1,6,'MIÉRCOLES','11:45:00','14:30:00'),(136,1,2,'JUEVES','08:30:00','09:25:00'),(137,1,5,'JUEVES','09:25:00','10:20:00'),(138,1,2,'JUEVES','10:20:00','11:15:00'),(139,1,5,'JUEVES','11:45:00','12:40:00'),(140,1,4,'JUEVES','12:40:00','14:30:00'),(141,1,3,'VIERNES','08:30:00','12:40:00'),(142,1,2,'VIERNES','12:40:00','14:30:00'),(143,2,7,'LUNES','15:30:00','16:25:00'),(144,2,1,'LUNES','16:25:00','21:30:00'),(145,2,1,'MARTES','15:30:00','21:30:00'),(146,2,7,'MIÉRCOLES','15:30:00','16:25:00'),(147,2,5,'MIÉRCOLES','16:25:00','18:15:00'),(148,2,6,'MIÉRCOLES','18:45:00','21:30:00'),(149,2,3,'JUEVES','15:30:00','19:40:00'),(150,2,2,'JUEVES','19:40:00','21:30:00'),(151,2,4,'VIERNES','15:30:00','17:20:00'),(152,2,2,'VIERNES','17:20:00','19:40:00'),(153,3,11,'LUNES','08:30:00','14:30:00'),(154,3,9,'MARTES','08:30:00','14:30:00'),(155,3,35,'MIÉRCOLES','08:30:00','10:20:00'),(156,3,12,'MIÉRCOLES','10:20:00','14:30:00'),(157,3,35,'JUEVES','08:30:00','09:25:00'),(158,3,8,'JUEVES','09:25:00','10:20:00'),(159,3,10,'JUEVES','10:20:00','14:30:00'),(160,3,11,'VIERNES','08:30:00','09:25:00'),(161,3,8,'VIERNES','09:25:00','12:40:00'),(162,3,12,'VIERNES','12:40:00','14:30:00'),(163,4,11,'LUNES','15:30:00','21:30:00'),(164,4,9,'MARTES','15:30:00','21:30:00'),(165,4,12,'MIÉRCOLES','15:30:00','21:30:00'),(166,4,10,'JUEVES','15:30:00','18:15:00'),(167,4,35,'JUEVES','18:45:00','21:30:00'),(168,4,11,'VIERNES','15:30:00','16:25:00'),(169,4,10,'VIERNES','16:25:00','17:20:00'),(170,4,8,'VIERNES','17:20:00','21:30:00'),(171,5,16,'LUNES','08:30:00','11:15:00'),(172,5,13,'LUNES','11:45:00','14:30:00'),(173,5,4,'MARTES','08:30:00','10:20:00'),(174,5,15,'MARTES','10:20:00','11:15:00'),(175,5,14,'MARTES','11:45:00','14:30:00'),(176,5,14,'MIÉRCOLES','08:30:00','10:20:00'),(177,5,16,'MIÉRCOLES','10:20:00','14:30:00'),(178,5,14,'JUEVES','08:30:00','10:20:00'),(179,5,15,'JUEVES','10:20:00','12:40:00'),(180,5,5,'JUEVES','12:40:00','14:30:00'),(181,5,15,'VIERNES','08:30:00','11:15:00'),(182,5,14,'VIERNES','11:45:00','14:30:00'),(183,6,35,'LUNES','08:30:00','10:20:00'),(184,6,34,'LUNES','10:20:00','12:40:00'),(185,6,12,'LUNES','12:40:00','13:35:00'),(186,6,19,'LUNES','13:35:00','14:30:00'),(187,6,19,'MARTES','08:30:00','11:15:00'),(188,6,17,'MARTES','11:45:00','14:30:00'),(189,6,12,'MIÉRCOLES','08:30:00','10:20:00'),(190,6,18,'MIÉRCOLES','10:20:00','14:30:00'),(191,6,35,'JUEVES','08:30:00','09:25:00'),(192,6,19,'JUEVES','09:25:00','11:15:00'),(193,6,12,'JUEVES','11:45:00','12:40:00'),(194,6,17,'JUEVES','12:40:00','14:30:00'),(195,6,12,'VIERNES','08:30:00','10:20:00'),(196,6,17,'VIERNES','10:20:00','11:15:00'),(197,6,18,'VIERNES','11:45:00','14:30:00'),(198,7,12,'LUNES','08:30:00','12:40:00'),(199,7,34,'LUNES','12:40:00','14:30:00'),(200,7,18,'MARTES','08:30:00','11:15:00'),(201,7,19,'MARTES','11:45:00','12:40:00'),(202,7,18,'MARTES','12:40:00','14:30:00'),(203,7,12,'MIÉRCOLES','08:30:00','10:20:00'),(204,7,19,'MIÉRCOLES','10:20:00','11:15:00'),(205,7,17,'MIÉRCOLES','11:45:00','14:30:00'),(206,7,17,'JUEVES','08:30:00','09:25:00'),(207,7,35,'JUEVES','09:25:00','12:40:00'),(208,7,19,'JUEVES','12:40:00','14:30:00'),(209,7,17,'VIERNES','08:30:00','10:20:00'),(210,7,18,'VIERNES','10:20:00','12:40:00'),(211,7,19,'VIERNES','12:40:00','14:30:00'),(212,8,23,'LUNES','08:30:00','10:20:00'),(213,8,24,'LUNES','10:20:00','12:40:00'),(214,8,21,'LUNES','12:40:00','14:30:00'),(215,8,24,'MARTES','08:30:00','11:15:00'),(216,8,21,'MARTES','11:45:00','14:30:00'),(217,8,23,'MIÉRCOLES','08:30:00','11:15:00'),(218,8,22,'MIÉRCOLES','11:45:00','14:30:00'),(219,8,22,'JUEVES','08:30:00','09:25:00'),(220,8,23,'JUEVES','09:25:00','11:15:00'),(221,8,21,'JUEVES','11:45:00','14:30:00'),(222,8,25,'VIERNES','08:30:00','10:20:00'),(223,8,22,'VIERNES','09:25:00','10:20:00'),(224,8,24,'VIERNES','11:45:00','14:30:00'),(225,9,28,'LUNES','08:30:00','11:15:00'),(226,9,27,'LUNES','11:45:00','14:30:00'),(227,9,27,'MARTES','08:30:00','11:15:00'),(228,9,34,'MARTES','11:45:00','13:35:00'),(229,9,26,'MARTES','13:35:00','14:30:00'),(230,9,26,'MIÉRCOLES','08:30:00','11:15:00'),(231,9,28,'MIÉRCOLES','11:45:00','14:30:00'),(232,9,29,'JUEVES','08:30:00','10:20:00'),(233,9,28,'JUEVES','10:20:00','12:40:00'),(234,9,27,'JUEVES','12:40:00','14:30:00'),(235,9,35,'VIERNES','08:30:00','11:15:00'),(236,9,29,'VIERNES','11:45:00','14:30:00'),(237,10,27,'LUNES','08:30:00','11:15:00'),(238,10,28,'LUNES','11:45:00','14:30:00'),(239,10,34,'MARTES','08:30:00','10:20:00'),(240,10,26,'MARTES','10:20:00','11:15:00'),(241,10,29,'MARTES','11:45:00','14:30:00'),(242,10,28,'MIÉRCOLES','08:30:00','11:15:00'),(243,10,26,'MIÉRCOLES','11:45:00','14:30:00'),(244,10,27,'JUEVES','08:30:00','10:20:00'),(245,10,29,'JUEVES','10:20:00','12:40:00'),(246,10,28,'JUEVES','12:40:00','14:30:00'),(247,10,27,'VIERNES','08:30:00','11:15:00'),(248,10,35,'VIERNES','11:45:00','14:30:00'),(249,11,32,'LUNES','08:30:00','11:15:00'),(250,11,30,'LUNES','11:45:00','14:30:00'),(251,11,32,'MARTES','08:30:00','11:15:00'),(252,11,31,'MARTES','11:45:00','14:30:00'),(253,11,32,'MIÉRCOLES','08:30:00','11:15:00'),(254,11,33,'MIÉRCOLES','11:45:00','14:30:00'),(255,11,25,'JUEVES','08:30:00','10:20:00'),(256,11,31,'JUEVES','10:20:00','14:30:00'),(257,11,30,'VIERNES','08:30:00','11:15:00'),(258,11,33,'VIERNES','11:45:00','14:30:00');
/*!40000 ALTER TABLE `horarioasignatura` ENABLE KEYS */;
UNLOCK TABLES;

--
-- Table structure for table `horariociclo`
--

DROP TABLE IF EXISTS `horariociclo`;
/*!40101 SET @saved_cs_client     = @@character_set_client */;
/*!50503 SET character_set_client = utf8mb4 */;
CREATE TABLE `horariociclo` (
  `ID_HorarioCiclo` int NOT NULL AUTO_INCREMENT,
  `ID_Ciclo` int DEFAULT NULL,
  `ID_Aula` int DEFAULT NULL,
  `DiaSemana` varchar(20) DEFAULT NULL,
  `HoraInicio` time DEFAULT NULL,
  `HoraFin` time DEFAULT NULL,
  PRIMARY KEY (`ID_HorarioCiclo`),
  KEY `ID_Ciclo` (`ID_Ciclo`),
  KEY `ID_Aula` (`ID_Aula`),
  CONSTRAINT `horariociclo_ibfk_1` FOREIGN KEY (`ID_Ciclo`) REFERENCES `ciclo` (`ID_Ciclo`),
  CONSTRAINT `horariociclo_ibfk_2` FOREIGN KEY (`ID_Aula`) REFERENCES `aula` (`ID_Aula`)
) ENGINE=InnoDB AUTO_INCREMENT=56 DEFAULT CHARSET=utf8mb4 COLLATE=utf8mb4_0900_ai_ci;
/*!40101 SET character_set_client = @saved_cs_client */;

--
-- Dumping data for table `horariociclo`
--

LOCK TABLES `horariociclo` WRITE;
/*!40000 ALTER TABLE `horariociclo` DISABLE KEYS */;
INSERT INTO `horariociclo` VALUES (1,1,1,'LUNES','08:30:00','14:30:00'),(2,1,1,'MARTES','08:30:00','14:30:00'),(3,1,1,'MIERCOLES','08:30:00','14:30:00'),(4,1,1,'JUEVES','08:30:00','14:30:00'),(5,1,1,'VIERNES','08:30:00','14:30:00'),(6,2,1,'LUNES','15:30:00','21:30:00'),(7,2,1,'MARTES','15:30:00','21:30:00'),(8,2,1,'MIERCOLES','15:30:00','21:30:00'),(9,2,1,'JUEVES','15:30:00','21:30:00'),(10,2,1,'VIERNES','15:30:00','21:30:00'),(11,3,2,'LUNES','08:30:00','14:30:00'),(12,3,2,'MARTES','08:30:00','14:30:00'),(13,3,2,'MIERCOLES','08:30:00','14:30:00'),(14,3,2,'JUEVES','08:30:00','14:30:00'),(15,3,2,'VIERNES','08:30:00','14:30:00'),(16,4,2,'LUNES','15:30:00','21:30:00'),(17,4,2,'MARTES','15:30:00','21:30:00'),(18,4,2,'MIERCOLES','15:30:00','21:30:00'),(19,4,2,'JUEVES','15:30:00','21:30:00'),(20,4,2,'VIERNES','15:30:00','21:30:00'),(21,5,3,'LUNES','08:30:00','14:30:00'),(22,5,3,'MARTES','08:30:00','14:30:00'),(23,5,3,'MIÉRCOLES','08:30:00','14:30:00'),(24,5,3,'JUEVES','08:30:00','14:30:00'),(25,5,3,'VIERNES','08:30:00','14:30:00'),(26,6,4,'LUNES','08:30:00','14:30:00'),(27,6,4,'MARTES','08:30:00','14:30:00'),(28,6,4,'MIÉRCOLES','08:30:00','14:30:00'),(29,6,4,'JUEVES','08:30:00','14:30:00'),(30,6,4,'VIERNES','08:30:00','14:30:00'),(31,7,5,'LUNES','08:30:00','14:30:00'),(32,7,5,'MARTES','08:30:00','14:30:00'),(33,7,5,'MIÉRCOLES','08:30:00','14:30:00'),(34,7,5,'JUEVES','08:30:00','14:30:00'),(35,7,5,'VIERNES','08:30:00','14:30:00'),(36,8,6,'LUNES','08:30:00','14:30:00'),(37,8,6,'MARTES','08:30:00','14:30:00'),(38,8,6,'MIÉRCOLES','08:30:00','14:30:00'),(39,8,6,'JUEVES','08:30:00','14:30:00'),(40,8,6,'VIERNES','08:30:00','14:30:00'),(41,9,7,'LUNES','08:30:00','14:30:00'),(42,9,7,'MARTES','08:30:00','14:30:00'),(43,9,7,'MIÉRCOLES','08:30:00','14:30:00'),(44,9,7,'JUEVES','08:30:00','14:30:00'),(45,9,7,'VIERNES','08:30:00','14:30:00'),(46,10,8,'LUNES','08:30:00','14:30:00'),(47,10,8,'MARTES','08:30:00','14:30:00'),(48,10,8,'MIÉRCOLES','08:30:00','14:30:00'),(49,10,8,'JUEVES','08:30:00','14:30:00'),(50,10,8,'VIERNES','08:30:00','14:30:00'),(51,11,8,'LUNES','08:30:00','14:30:00'),(52,11,8,'MARTES','08:30:00','14:30:00'),(53,11,8,'MIÉRCOLES','08:30:00','14:30:00'),(54,11,8,'JUEVES','08:30:00','14:30:00'),(55,11,8,'VIERNES','08:30:00','14:30:00');
/*!40000 ALTER TABLE `horariociclo` ENABLE KEYS */;
UNLOCK TABLES;

--
-- Table structure for table `horariocreado`
--

DROP TABLE IF EXISTS `horariocreado`;
/*!40101 SET @saved_cs_client     = @@character_set_client */;
/*!50503 SET character_set_client = utf8mb4 */;
CREATE TABLE `horariocreado` (
  `ID_HorarioCreado` int NOT NULL AUTO_INCREMENT,
  `diaSemana` varchar(30) DEFAULT NULL,
  `HoraInicio` time DEFAULT NULL,
  `HoraFin` time DEFAULT NULL,
  `ID_Asignatura` int DEFAULT NULL,
  `ID_Profesor` int DEFAULT NULL,
  `ID_Ciclo` int DEFAULT NULL,
  PRIMARY KEY (`ID_HorarioCreado`),
  KEY `fk_asignatura` (`ID_Asignatura`),
  KEY `fk_profesor` (`ID_Profesor`),
  KEY `fk_ciclo` (`ID_Ciclo`),
  CONSTRAINT `fk_asignatura` FOREIGN KEY (`ID_Asignatura`) REFERENCES `asignatura` (`ID_Asignatura`) ON DELETE SET NULL ON UPDATE CASCADE,
  CONSTRAINT `fk_ciclo` FOREIGN KEY (`ID_Ciclo`) REFERENCES `ciclo` (`ID_Ciclo`),
  CONSTRAINT `fk_profesor` FOREIGN KEY (`ID_Profesor`) REFERENCES `profesor` (`ID_Profesor`) ON DELETE SET NULL ON UPDATE CASCADE
) ENGINE=InnoDB DEFAULT CHARSET=utf8mb4 COLLATE=utf8mb4_0900_ai_ci;
/*!40101 SET character_set_client = @saved_cs_client */;

--
-- Dumping data for table `horariocreado`
--

LOCK TABLES `horariocreado` WRITE;
/*!40000 ALTER TABLE `horariocreado` DISABLE KEYS */;
/*!40000 ALTER TABLE `horariocreado` ENABLE KEYS */;
UNLOCK TABLES;

--
-- Table structure for table `horarioprofesor`
--

DROP TABLE IF EXISTS `horarioprofesor`;
/*!40101 SET @saved_cs_client     = @@character_set_client */;
/*!50503 SET character_set_client = utf8mb4 */;
CREATE TABLE `horarioprofesor` (
  `ID_HorarioProfesor` int NOT NULL AUTO_INCREMENT,
  `ID_Profesor` int DEFAULT NULL,
  `ID_Asignatura` int DEFAULT NULL,
  `DiaSemana` varchar(20) DEFAULT NULL,
  `HoraInicio` time DEFAULT NULL,
  `HoraFin` time DEFAULT NULL,
  PRIMARY KEY (`ID_HorarioProfesor`),
  KEY `ID_Profesor` (`ID_Profesor`),
  KEY `ID_Asignatura` (`ID_Asignatura`),
  CONSTRAINT `horarioprofesor_ibfk_1` FOREIGN KEY (`ID_Profesor`) REFERENCES `profesor` (`ID_Profesor`),
  CONSTRAINT `horarioprofesor_ibfk_2` FOREIGN KEY (`ID_Asignatura`) REFERENCES `asignatura` (`ID_Asignatura`)
) ENGINE=InnoDB AUTO_INCREMENT=1315 DEFAULT CHARSET=utf8mb4 COLLATE=utf8mb4_0900_ai_ci;
/*!40101 SET character_set_client = @saved_cs_client */;

--
-- Dumping data for table `horarioprofesor`
--

LOCK TABLES `horarioprofesor` WRITE;
/*!40000 ALTER TABLE `horarioprofesor` DISABLE KEYS */;
INSERT INTO `horarioprofesor` VALUES (227,1,NULL,'LUNES','08:30:00','09:25:00'),(228,1,NULL,'LUNES','09:25:00','10:20:00'),(229,1,1,'LUNES','10:20:00','11:15:00'),(230,1,1,'LUNES','11:45:00','12:40:00'),(231,1,1,'LUNES','12:40:00','13:35:00'),(232,1,1,'LUNES','13:35:00','14:30:00'),(233,1,1,'MARTES','08:30:00','09:25:00'),(234,1,1,'MARTES','09:25:00','10:20:00'),(235,1,1,'MARTES','10:20:00','11:15:00'),(236,1,6,'MARTES','11:45:00','12:40:00'),(237,1,6,'MARTES','12:40:00','13:35:00'),(238,1,6,'MARTES','13:35:00','14:30:00'),(239,1,1,'MIÉRCOLES','08:30:00','09:25:00'),(240,1,1,'MIÉRCOLES','09:25:00','10:20:00'),(241,1,1,'MIÉRCOLES','10:20:00','11:15:00'),(242,1,1,'MIÉRCOLES','11:45:00','12:40:00'),(243,1,6,'MIÉRCOLES','12:40:00','13:35:00'),(244,1,6,'MIÉRCOLES','13:35:00','14:30:00'),(245,1,NULL,'JUEVES','08:30:00','09:25:00'),(246,1,NULL,'JUEVES','09:25:00','10:20:00'),(247,1,NULL,'JUEVES','10:20:00','11:15:00'),(248,1,NULL,'JUEVES','11:45:00','12:40:00'),(249,1,NULL,'JUEVES','12:40:00','13:35:00'),(250,1,NULL,'JUEVES','13:35:00','14:30:00'),(251,1,NULL,'VIERNES','08:30:00','09:25:00'),(252,1,NULL,'VIERNES','09:25:00','10:20:00'),(253,1,NULL,'VIERNES','10:20:00','11:15:00'),(254,1,NULL,'VIERNES','11:45:00','12:40:00'),(255,1,NULL,'VIERNES','12:40:00','13:35:00'),(256,1,NULL,'VIERNES','13:35:00','14:30:00'),(257,2,11,'LUNES','08:30:00','09:25:00'),(258,2,11,'LUNES','09:25:00','10:20:00'),(259,2,11,'LUNES','10:20:00','11:15:00'),(260,2,11,'LUNES','11:45:00','12:40:00'),(261,2,11,'LUNES','12:40:00','13:35:00'),(262,2,11,'LUNES','13:35:00','14:30:00'),(263,2,NULL,'MARTES','08:30:00','09:25:00'),(264,2,NULL,'MARTES','09:25:00','10:20:00'),(265,2,NULL,'MARTES','10:20:00','11:15:00'),(266,2,NULL,'MARTES','11:45:00','12:40:00'),(267,2,NULL,'MARTES','12:40:00','13:35:00'),(268,2,NULL,'MARTES','13:35:00','14:30:00'),(269,2,NULL,'MIÉRCOLES','08:30:00','09:25:00'),(270,2,NULL,'MIÉRCOLES','09:25:00','10:20:00'),(271,2,NULL,'MIÉRCOLES','10:20:00','11:15:00'),(272,2,NULL,'MIÉRCOLES','11:45:00','12:40:00'),(273,2,NULL,'MIÉRCOLES','12:40:00','13:35:00'),(274,2,NULL,'MIÉRCOLES','13:35:00','14:30:00'),(275,2,2,'JUEVES','08:30:00','09:25:00'),(276,2,8,'JUEVES','09:25:00','10:20:00'),(277,2,2,'JUEVES','10:20:00','11:15:00'),(278,2,NULL,'JUEVES','11:45:00','12:40:00'),(279,2,NULL,'JUEVES','12:40:00','13:35:00'),(280,2,NULL,'JUEVES','13:35:00','14:30:00'),(281,2,11,'VIERNES','08:30:00','09:25:00'),(282,2,8,'VIERNES','09:25:00','10:20:00'),(283,2,8,'VIERNES','10:20:00','11:15:00'),(284,2,8,'VIERNES','11:45:00','12:40:00'),(285,2,2,'VIERNES','12:40:00','13:35:00'),(286,2,2,'VIERNES','13:35:00','14:30:00'),(287,2,NULL,'LUNES','15:30:00','16:25:00'),(288,2,NULL,'LUNES','16:25:00','17:20:00'),(289,2,NULL,'LUNES','17:20:00','18:15:00'),(290,2,NULL,'LUNES','18:45:00','19:40:00'),(291,2,NULL,'LUNES','19:40:00','20:35:00'),(292,2,NULL,'LUNES','20:35:00','21:30:00'),(293,2,NULL,'MARTES','15:30:00','16:25:00'),(294,2,NULL,'MARTES','16:25:00','17:20:00'),(295,2,NULL,'MARTES','17:20:00','18:15:00'),(296,2,NULL,'MARTES','18:45:00','19:40:00'),(297,2,NULL,'MARTES','19:40:00','20:35:00'),(298,2,NULL,'MARTES','20:35:00','21:30:00'),(299,2,NULL,'MIÉRCOLES','15:30:00','16:25:00'),(300,2,NULL,'MIÉRCOLES','16:25:00','17:20:00'),(301,2,NULL,'MIÉRCOLES','17:20:00','18:15:00'),(302,2,NULL,'MIÉRCOLES','18:45:00','19:40:00'),(303,2,NULL,'MIÉRCOLES','19:40:00','20:35:00'),(304,2,NULL,'MIÉRCOLES','20:35:00','21:30:00'),(305,2,10,'JUEVES','15:30:00','16:25:00'),(306,2,10,'JUEVES','16:25:00','17:20:00'),(307,2,10,'JUEVES','17:20:00','18:15:00'),(308,2,NULL,'JUEVES','18:45:00','19:40:00'),(309,2,2,'JUEVES','19:40:00','20:35:00'),(310,2,2,'JUEVES','20:35:00','21:30:00'),(311,2,NULL,'VIERNES','15:30:00','16:25:00'),(312,2,10,'VIERNES','16:25:00','17:20:00'),(313,2,10,'VIERNES','17:20:00','18:15:00'),(314,2,10,'VIERNES','18:45:00','19:40:00'),(315,2,NULL,'VIERNES','19:40:00','20:35:00'),(316,2,NULL,'VIERNES','20:35:00','21:30:00'),(317,3,NULL,'LUNES','08:30:00','09:25:00'),(318,3,NULL,'LUNES','09:25:00','10:20:00'),(319,3,NULL,'LUNES','10:20:00','11:15:00'),(320,3,NULL,'LUNES','11:45:00','12:40:00'),(321,3,NULL,'LUNES','12:40:00','13:35:00'),(322,3,NULL,'LUNES','13:35:00','14:30:00'),(323,3,4,'MARTES','08:30:00','09:25:00'),(324,3,4,'MARTES','09:25:00','10:20:00'),(325,3,NULL,'MARTES','10:20:00','11:15:00'),(326,3,NULL,'MARTES','11:45:00','12:40:00'),(327,3,NULL,'MARTES','12:40:00','13:35:00'),(328,3,NULL,'MARTES','13:35:00','14:30:00'),(329,3,NULL,'MIÉRCOLES','08:30:00','09:25:00'),(330,3,NULL,'MIÉRCOLES','09:25:00','10:20:00'),(331,3,NULL,'MIÉRCOLES','10:20:00','11:15:00'),(332,3,NULL,'MIÉRCOLES','11:45:00','12:40:00'),(333,3,NULL,'MIÉRCOLES','12:40:00','13:35:00'),(334,3,NULL,'MIÉRCOLES','13:35:00','14:30:00'),(335,3,NULL,'JUEVES','08:30:00','09:25:00'),(336,3,NULL,'JUEVES','09:25:00','10:20:00'),(337,3,NULL,'JUEVES','10:20:00','11:15:00'),(338,3,NULL,'JUEVES','11:45:00','12:40:00'),(339,3,NULL,'JUEVES','12:40:00','13:35:00'),(340,3,NULL,'JUEVES','13:35:00','14:30:00'),(341,3,3,'VIERNES','08:30:00','09:25:00'),(342,3,3,'VIERNES','09:25:00','10:20:00'),(343,3,3,'VIERNES','10:20:00','11:15:00'),(344,3,3,'VIERNES','11:45:00','12:40:00'),(345,3,NULL,'VIERNES','12:40:00','13:35:00'),(346,3,NULL,'VIERNES','13:35:00','14:30:00'),(347,4,35,'LUNES','08:30:00','09:25:00'),(348,4,35,'LUNES','09:25:00','10:20:00'),(349,4,NULL,'LUNES','10:20:00','11:15:00'),(350,4,NULL,'LUNES','11:45:00','12:40:00'),(351,4,NULL,'LUNES','12:40:00','13:35:00'),(352,4,NULL,'LUNES','13:35:00','14:30:00'),(353,4,NULL,'MARTES','08:30:00','09:25:00'),(354,4,NULL,'MARTES','09:25:00','10:20:00'),(355,4,NULL,'MARTES','10:20:00','11:15:00'),(356,4,NULL,'MARTES','11:45:00','12:40:00'),(357,4,NULL,'MARTES','12:40:00','13:35:00'),(358,4,NULL,'MARTES','13:35:00','14:30:00'),(359,4,NULL,'MIÉRCOLES','08:30:00','09:25:00'),(360,4,NULL,'MIÉRCOLES','09:25:00','10:20:00'),(361,4,NULL,'MIÉRCOLES','10:20:00','11:15:00'),(362,4,NULL,'MIÉRCOLES','11:45:00','12:40:00'),(363,4,NULL,'MIÉRCOLES','12:40:00','13:35:00'),(364,4,NULL,'MIÉRCOLES','13:35:00','14:30:00'),(365,4,35,'JUEVES','08:30:00','09:25:00'),(366,4,35,'JUEVES','09:25:00','10:20:00'),(367,4,35,'JUEVES','10:20:00','11:15:00'),(368,4,35,'JUEVES','11:45:00','12:40:00'),(369,4,4,'JUEVES','12:40:00','13:35:00'),(370,4,4,'JUEVES','13:35:00','14:30:00'),(371,4,NULL,'VIERNES','08:30:00','09:25:00'),(372,4,NULL,'VIERNES','09:25:00','10:20:00'),(373,4,NULL,'VIERNES','10:20:00','11:15:00'),(374,4,NULL,'VIERNES','11:45:00','12:40:00'),(375,4,NULL,'VIERNES','12:40:00','13:35:00'),(376,4,NULL,'VIERNES','13:35:00','14:30:00'),(377,24,NULL,'LUNES','08:30:00','09:25:00'),(378,24,NULL,'LUNES','09:25:00','10:20:00'),(379,24,NULL,'LUNES','10:20:00','11:15:00'),(380,24,NULL,'LUNES','11:45:00','12:40:00'),(381,24,NULL,'LUNES','12:40:00','13:35:00'),(382,24,NULL,'LUNES','13:35:00','14:30:00'),(383,24,NULL,'MARTES','08:30:00','09:25:00'),(384,24,NULL,'MARTES','09:25:00','10:20:00'),(385,24,NULL,'MARTES','10:20:00','11:15:00'),(386,24,NULL,'MARTES','11:45:00','12:40:00'),(387,24,NULL,'MARTES','12:40:00','13:35:00'),(388,24,NULL,'MARTES','13:35:00','14:30:00'),(389,24,NULL,'MIÉRCOLES','08:30:00','09:25:00'),(390,24,NULL,'MIÉRCOLES','09:25:00','10:20:00'),(391,24,NULL,'MIÉRCOLES','10:20:00','11:15:00'),(392,24,NULL,'MIÉRCOLES','11:45:00','12:40:00'),(393,24,NULL,'MIÉRCOLES','12:40:00','13:35:00'),(394,24,NULL,'MIÉRCOLES','13:35:00','14:30:00'),(395,24,NULL,'JUEVES','08:30:00','09:25:00'),(396,24,5,'JUEVES','09:25:00','10:20:00'),(397,24,NULL,'JUEVES','10:20:00','11:15:00'),(398,24,5,'JUEVES','11:45:00','12:40:00'),(399,24,5,'JUEVES','12:40:00','13:35:00'),(400,24,5,'JUEVES','13:35:00','14:30:00'),(401,24,NULL,'VIERNES','08:30:00','09:25:00'),(402,24,NULL,'VIERNES','09:25:00','10:20:00'),(403,24,NULL,'VIERNES','10:20:00','11:15:00'),(404,24,NULL,'VIERNES','11:45:00','12:40:00'),(405,24,NULL,'VIERNES','12:40:00','13:35:00'),(406,24,NULL,'VIERNES','13:35:00','14:30:00'),(407,24,NULL,'LUNES','15:30:00','16:25:00'),(408,24,NULL,'LUNES','16:25:00','17:20:00'),(409,24,NULL,'LUNES','17:20:00','18:15:00'),(410,24,NULL,'LUNES','18:45:00','19:40:00'),(411,24,NULL,'LUNES','19:40:00','20:35:00'),(412,24,NULL,'LUNES','20:35:00','21:30:00'),(413,24,NULL,'MARTES','15:30:00','16:25:00'),(414,24,NULL,'MARTES','16:25:00','17:20:00'),(415,24,NULL,'MARTES','17:20:00','18:15:00'),(416,24,NULL,'MARTES','18:45:00','19:40:00'),(417,24,NULL,'MARTES','19:40:00','20:35:00'),(418,24,NULL,'MARTES','20:35:00','21:30:00'),(419,24,NULL,'MIÉRCOLES','15:30:00','16:25:00'),(420,24,5,'MIÉRCOLES','16:25:00','17:20:00'),(421,24,5,'MIÉRCOLES','17:20:00','18:15:00'),(422,24,NULL,'MIÉRCOLES','18:45:00','19:40:00'),(423,24,NULL,'MIÉRCOLES','19:40:00','20:35:00'),(424,24,NULL,'MIÉRCOLES','20:35:00','21:30:00'),(425,24,NULL,'JUEVES','15:30:00','16:25:00'),(426,24,NULL,'JUEVES','16:25:00','17:20:00'),(427,24,NULL,'JUEVES','17:20:00','18:15:00'),(428,24,NULL,'JUEVES','18:45:00','19:40:00'),(429,24,NULL,'JUEVES','19:40:00','20:35:00'),(430,24,NULL,'JUEVES','20:35:00','21:30:00'),(431,24,NULL,'VIERNES','15:30:00','16:25:00'),(432,24,NULL,'VIERNES','16:25:00','17:20:00'),(433,24,NULL,'VIERNES','17:20:00','18:15:00'),(434,24,NULL,'VIERNES','18:45:00','19:40:00'),(435,24,NULL,'VIERNES','19:40:00','20:35:00'),(436,2,NULL,'VIERNES','20:35:00','21:30:00'),(437,16,18,'LUNES','08:30:00','09:25:00'),(438,16,18,'LUNES','09:25:00','10:20:00'),(439,16,18,'LUNES','10:20:00','11:15:00'),(440,16,NULL,'LUNES','11:45:00','12:40:00'),(441,16,NULL,'LUNES','12:40:00','13:35:00'),(442,16,NULL,'LUNES','13:35:00','14:30:00'),(443,16,NULL,'MARTES','08:30:00','09:25:00'),(444,16,NULL,'MARTES','09:25:00','10:20:00'),(445,16,NULL,'MARTES','10:20:00','11:15:00'),(446,16,NULL,'MARTES','11:45:00','12:40:00'),(447,16,NULL,'MARTES','12:40:00','13:35:00'),(448,16,NULL,'MARTES','13:35:00','14:30:00'),(449,16,NULL,'MIÉRCOLES','08:30:00','09:25:00'),(450,16,NULL,'MIÉRCOLES','09:25:00','10:20:00'),(451,16,18,'MIÉRCOLES','10:20:00','11:15:00'),(452,16,18,'MIÉRCOLES','11:45:00','12:40:00'),(453,16,18,'MIÉRCOLES','12:40:00','13:35:00'),(454,16,18,'MIÉRCOLES','13:35:00','14:30:00'),(455,16,NULL,'JUEVES','08:30:00','09:25:00'),(456,16,NULL,'JUEVES','09:25:00','10:20:00'),(457,16,NULL,'JUEVES','10:20:00','11:15:00'),(458,16,NULL,'JUEVES','11:45:00','12:40:00'),(459,16,NULL,'JUEVES','12:40:00','13:35:00'),(460,16,NULL,'JUEVES','13:35:00','14:30:00'),(461,16,NULL,'VIERNES','08:30:00','09:25:00'),(462,16,NULL,'VIERNES','09:25:00','10:20:00'),(463,16,NULL,'VIERNES','10:20:00','11:15:00'),(464,16,NULL,'VIERNES','11:45:00','12:40:00'),(465,16,NULL,'VIERNES','12:40:00','13:35:00'),(466,16,NULL,'VIERNES','13:35:00','14:30:00'),(467,15,4,'LUNES','08:30:00','09:25:00'),(468,15,NULL,'LUNES','09:25:00','10:20:00'),(469,15,NULL,'LUNES','10:20:00','11:15:00'),(470,15,13,'LUNES','11:45:00','12:40:00'),(471,15,13,'LUNES','12:40:00','13:35:00'),(472,15,13,'LUNES','13:35:00','14:30:00'),(473,15,NULL,'MARTES','08:30:00','09:25:00'),(474,15,NULL,'MARTES','09:25:00','10:20:00'),(475,15,15,'MARTES','10:20:00','11:15:00'),(476,15,14,'MARTES','11:45:00','12:40:00'),(477,15,14,'MARTES','12:40:00','13:35:00'),(478,15,14,'MARTES','13:35:00','14:30:00'),(479,15,14,'MIÉRCOLES','08:30:00','09:25:00'),(480,15,14,'MIÉRCOLES','09:25:00','10:20:00'),(481,15,NULL,'MIÉRCOLES','10:20:00','11:15:00'),(482,15,NULL,'MIÉRCOLES','11:45:00','12:40:00'),(483,15,NULL,'MIÉRCOLES','12:40:00','13:35:00'),(484,15,NULL,'MIÉRCOLES','13:35:00','14:30:00'),(485,15,14,'JUEVES','08:30:00','09:25:00'),(486,15,14,'JUEVES','09:25:00','10:20:00'),(487,15,15,'JUEVES','10:20:00','11:15:00'),(488,15,15,'JUEVES','11:45:00','12:40:00'),(489,15,NULL,'JUEVES','12:40:00','13:35:00'),(490,15,NULL,'JUEVES','13:35:00','14:30:00'),(491,15,15,'VIERNES','08:30:00','09:25:00'),(492,15,15,'VIERNES','09:25:00','10:20:00'),(493,15,15,'VIERNES','10:20:00','11:15:00'),(494,15,14,'VIERNES','11:45:00','12:40:00'),(495,15,14,'VIERNES','12:40:00','13:35:00'),(496,15,14,'VIERNES','13:35:00','14:30:00'),(497,6,7,'LUNES','08:30:00','09:25:00'),(498,6,7,'LUNES','09:25:00','10:20:00'),(499,6,34,'LUNES','10:20:00','11:15:00'),(500,6,34,'LUNES','11:45:00','12:40:00'),(501,6,34,'LUNES','12:40:00','13:35:00'),(502,6,34,'LUNES','13:35:00','14:30:00'),(503,6,34,'MARTES','08:30:00','09:25:00'),(504,6,34,'MARTES','09:25:00','10:20:00'),(505,6,34,'MARTES','10:20:00','11:15:00'),(506,6,34,'MARTES','11:45:00','12:40:00'),(507,6,34,'MARTES','12:40:00','13:35:00'),(508,6,26,'MARTES','13:35:00','14:30:00'),(509,6,26,'MIÉRCOLES','08:30:00','09:25:00'),(510,6,26,'MIÉRCOLES','09:25:00','10:20:00'),(511,6,26,'MIÉRCOLES','10:20:00','11:15:00'),(512,6,26,'MIÉRCOLES','11:45:00','12:40:00'),(513,6,26,'MIÉRCOLES','12:40:00','13:35:00'),(514,6,26,'MIÉRCOLES','13:35:00','14:30:00'),(515,6,NULL,'JUEVES','08:30:00','09:25:00'),(516,6,NULL,'JUEVES','09:25:00','10:20:00'),(517,6,NULL,'JUEVES','10:20:00','11:15:00'),(518,6,NULL,'JUEVES','11:45:00','12:40:00'),(519,6,NULL,'JUEVES','12:40:00','13:35:00'),(520,6,NULL,'JUEVES','13:35:00','14:30:00'),(521,6,NULL,'VIERNES','08:30:00','09:25:00'),(522,6,NULL,'VIERNES','09:25:00','10:20:00'),(523,6,NULL,'VIERNES','10:20:00','11:15:00'),(524,6,NULL,'VIERNES','11:45:00','12:40:00'),(525,6,NULL,'VIERNES','12:40:00','13:35:00'),(526,6,NULL,'VIERNES','13:35:00','14:30:00'),(527,17,NULL,'LUNES','15:30:00','16:25:00'),(528,17,11,'LUNES','16:25:00','17:20:00'),(529,17,11,'LUNES','17:20:00','18:15:00'),(530,17,11,'LUNES','18:45:00','19:40:00'),(531,17,11,'LUNES','19:40:00','20:35:00'),(532,17,11,'LUNES','20:35:00','21:30:00'),(533,17,11,'MARTES','15:30:00','16:25:00'),(534,17,11,'MARTES','16:25:00','17:20:00'),(535,17,11,'MARTES','17:20:00','18:15:00'),(536,17,11,'MARTES','18:45:00','19:40:00'),(537,17,11,'MARTES','19:40:00','20:35:00'),(538,17,11,'MARTES','20:35:00','21:30:00'),(539,17,12,'MIÉRCOLES','15:30:00','16:25:00'),(540,17,12,'MIÉRCOLES','16:25:00','17:20:00'),(541,17,12,'MIÉRCOLES','17:20:00','18:15:00'),(542,17,12,'MIÉRCOLES','18:45:00','19:40:00'),(543,17,12,'MIÉRCOLES','19:40:00','20:35:00'),(544,17,12,'MIÉRCOLES','20:35:00','21:30:00'),(545,17,NULL,'JUEVES','15:30:00','16:25:00'),(546,17,NULL,'JUEVES','16:25:00','17:20:00'),(547,17,NULL,'JUEVES','17:20:00','18:15:00'),(548,17,NULL,'JUEVES','18:45:00','19:40:00'),(549,17,NULL,'JUEVES','19:40:00','20:35:00'),(550,17,NULL,'JUEVES','20:35:00','21:30:00'),(551,17,NULL,'VIERNES','15:30:00','16:25:00'),(552,17,NULL,'VIERNES','16:25:00','17:20:00'),(553,17,NULL,'VIERNES','17:20:00','18:15:00'),(554,17,NULL,'VIERNES','18:45:00','19:40:00'),(555,17,NULL,'VIERNES','19:40:00','20:35:00'),(556,17,NULL,'VIERNES','20:35:00','21:30:00'),(557,8,NULL,'LUNES','15:30:00','16:25:00'),(558,8,NULL,'LUNES','16:25:00','17:20:00'),(559,8,NULL,'LUNES','17:20:00','18:15:00'),(560,8,NULL,'LUNES','18:45:00','19:40:00'),(561,8,NULL,'LUNES','19:40:00','20:35:00'),(562,8,NULL,'LUNES','20:35:00','21:30:00'),(563,8,NULL,'MARTES','15:30:00','16:25:00'),(564,8,NULL,'MARTES','16:25:00','17:20:00'),(565,8,NULL,'MARTES','17:20:00','18:15:00'),(566,8,NULL,'MARTES','18:45:00','19:40:00'),(567,8,NULL,'MARTES','19:40:00','20:35:00'),(568,8,NULL,'MARTES','20:35:00','21:30:00'),(569,8,NULL,'MIÉRCOLES','15:30:00','16:25:00'),(570,8,NULL,'MIÉRCOLES','16:25:00','17:20:00'),(571,8,NULL,'MIÉRCOLES','17:20:00','18:15:00'),(572,8,NULL,'MIÉRCOLES','18:45:00','19:40:00'),(573,8,NULL,'MIÉRCOLES','19:40:00','20:35:00'),(574,8,NULL,'MIÉRCOLES','20:35:00','21:30:00'),(575,8,3,'JUEVES','15:30:00','16:25:00'),(576,8,3,'JUEVES','16:25:00','17:20:00'),(577,8,3,'JUEVES','17:20:00','18:15:00'),(578,8,3,'JUEVES','18:45:00','19:40:00'),(579,8,NULL,'JUEVES','19:40:00','20:35:00'),(580,8,NULL,'JUEVES','20:35:00','21:30:00'),(581,8,NULL,'VIERNES','15:30:00','16:25:00'),(582,8,NULL,'VIERNES','16:25:00','17:20:00'),(583,8,NULL,'VIERNES','17:20:00','18:15:00'),(584,8,NULL,'VIERNES','18:45:00','19:40:00'),(585,8,NULL,'VIERNES','19:40:00','20:35:00'),(586,8,NULL,'VIERNES','20:35:00','21:30:00'),(587,7,NULL,'LUNES','15:30:00','16:25:00'),(588,7,NULL,'LUNES','16:25:00','17:20:00'),(589,7,NULL,'LUNES','17:20:00','18:15:00'),(590,7,NULL,'LUNES','18:45:00','19:40:00'),(591,7,NULL,'LUNES','19:40:00','20:35:00'),(592,7,NULL,'LUNES','20:35:00','21:30:00'),(593,7,NULL,'MARTES','15:30:00','16:25:00'),(594,7,NULL,'MARTES','16:25:00','17:20:00'),(595,7,NULL,'MARTES','17:20:00','18:15:00'),(596,7,NULL,'MARTES','18:45:00','19:40:00'),(597,7,NULL,'MARTES','19:40:00','20:35:00'),(598,7,NULL,'MARTES','20:35:00','21:30:00'),(599,7,NULL,'MIÉRCOLES','15:30:00','16:25:00'),(600,7,NULL,'MIÉRCOLES','16:25:00','17:20:00'),(601,7,NULL,'MIÉRCOLES','17:20:00','18:15:00'),(602,7,6,'MIÉRCOLES','18:45:00','19:40:00'),(603,7,6,'MIÉRCOLES','19:40:00','20:35:00'),(604,7,6,'MIÉRCOLES','20:35:00','21:30:00'),(605,7,NULL,'JUEVES','15:30:00','16:25:00'),(606,7,NULL,'JUEVES','16:25:00','17:20:00'),(607,7,NULL,'JUEVES','17:20:00','18:15:00'),(608,7,NULL,'JUEVES','18:45:00','19:40:00'),(609,7,NULL,'JUEVES','19:40:00','20:35:00'),(610,7,NULL,'JUEVES','20:35:00','21:30:00'),(611,7,NULL,'VIERNES','15:30:00','16:25:00'),(612,7,NULL,'VIERNES','16:25:00','17:20:00'),(613,7,NULL,'VIERNES','17:20:00','18:15:00'),(614,7,NULL,'VIERNES','18:45:00','19:40:00'),(615,7,6,'VIERNES','19:40:00','20:35:00'),(616,7,6,'VIERNES','20:35:00','21:30:00'),(617,10,NULL,'LUNES','08:30:00','09:25:00'),(618,10,NULL,'LUNES','09:25:00','10:20:00'),(619,10,NULL,'LUNES','10:20:00','11:15:00'),(620,10,NULL,'LUNES','11:45:00','12:40:00'),(621,10,NULL,'LUNES','12:40:00','13:35:00'),(622,10,NULL,'LUNES','13:35:00','14:30:00'),(623,10,9,'MARTES','08:30:00','09:25:00'),(624,10,9,'MARTES','09:25:00','10:20:00'),(625,10,9,'MARTES','10:20:00','11:15:00'),(626,10,9,'MARTES','11:45:00','12:40:00'),(627,10,9,'MARTES','12:40:00','13:35:00'),(628,10,9,'MARTES','13:35:00','14:30:00'),(629,10,NULL,'MIÉRCOLES','08:30:00','09:25:00'),(630,10,NULL,'MIÉRCOLES','09:25:00','10:20:00'),(631,10,NULL,'MIÉRCOLES','10:20:00','11:15:00'),(632,10,NULL,'MIÉRCOLES','11:45:00','12:40:00'),(633,10,NULL,'MIÉRCOLES','12:40:00','13:35:00'),(634,10,NULL,'MIÉRCOLES','13:35:00','14:30:00'),(635,10,NULL,'JUEVES','08:30:00','09:25:00'),(636,10,NULL,'JUEVES','09:25:00','10:20:00'),(637,10,NULL,'JUEVES','10:20:00','11:15:00'),(638,10,NULL,'JUEVES','11:45:00','12:40:00'),(639,10,NULL,'JUEVES','12:40:00','13:35:00'),(640,10,NULL,'JUEVES','13:35:00','14:30:00'),(641,10,NULL,'VIERNES','08:30:00','09:25:00'),(642,10,NULL,'VIERNES','09:25:00','10:20:00'),(643,10,NULL,'VIERNES','10:20:00','11:15:00'),(644,10,NULL,'VIERNES','11:45:00','12:40:00'),(645,10,NULL,'VIERNES','12:40:00','13:35:00'),(646,10,NULL,'VIERNES','13:35:00','14:30:00'),(647,10,NULL,'LUNES','15:30:00','16:25:00'),(648,10,NULL,'LUNES','16:25:00','17:20:00'),(649,10,NULL,'LUNES','17:20:00','18:15:00'),(650,10,NULL,'LUNES','18:45:00','19:40:00'),(651,10,NULL,'LUNES','19:40:00','20:35:00'),(652,10,NULL,'LUNES','20:35:00','21:30:00'),(653,10,9,'MARTES','15:30:00','16:25:00'),(654,10,9,'MARTES','16:25:00','17:20:00'),(655,10,9,'MARTES','17:20:00','18:15:00'),(656,10,9,'MARTES','18:45:00','19:40:00'),(657,10,9,'MARTES','19:40:00','20:35:00'),(658,10,9,'MARTES','20:35:00','21:30:00'),(659,10,NULL,'MIÉRCOLES','15:30:00','16:25:00'),(660,10,NULL,'MIÉRCOLES','16:25:00','17:20:00'),(661,10,NULL,'MIÉRCOLES','17:20:00','18:15:00'),(662,10,NULL,'MIÉRCOLES','18:45:00','19:40:00'),(663,10,NULL,'MIÉRCOLES','19:40:00','20:35:00'),(664,10,NULL,'MIÉRCOLES','20:35:00','21:30:00'),(665,10,NULL,'JUEVES','15:30:00','16:25:00'),(666,10,NULL,'JUEVES','16:25:00','17:20:00'),(667,10,NULL,'JUEVES','17:20:00','18:15:00'),(668,10,NULL,'JUEVES','18:45:00','19:40:00'),(669,10,NULL,'JUEVES','19:40:00','20:35:00'),(670,10,NULL,'JUEVES','20:35:00','21:30:00'),(671,10,NULL,'VIERNES','15:30:00','16:25:00'),(672,10,NULL,'VIERNES','16:25:00','17:20:00'),(673,10,NULL,'VIERNES','17:20:00','18:15:00'),(674,10,NULL,'VIERNES','18:45:00','19:40:00'),(675,10,NULL,'VIERNES','19:40:00','20:35:00'),(676,10,NULL,'VIERNES','20:35:00','21:30:00'),(677,11,NULL,'LUNES','08:30:00','09:25:00'),(678,11,NULL,'LUNES','09:25:00','10:20:00'),(679,11,NULL,'LUNES','10:20:00','11:15:00'),(680,11,NULL,'LUNES','11:45:00','12:40:00'),(681,11,NULL,'LUNES','12:40:00','13:35:00'),(682,11,NULL,'LUNES','13:35:00','14:30:00'),(683,11,NULL,'MARTES','08:30:00','09:25:00'),(684,11,NULL,'MARTES','09:25:00','10:20:00'),(685,11,NULL,'MARTES','10:20:00','11:15:00'),(686,11,NULL,'MARTES','11:45:00','12:40:00'),(687,11,NULL,'MARTES','12:40:00','13:35:00'),(688,11,NULL,'MARTES','13:35:00','14:30:00'),(689,11,NULL,'MIÉRCOLES','08:30:00','09:25:00'),(690,11,NULL,'MIÉRCOLES','09:25:00','10:20:00'),(691,11,NULL,'MIÉRCOLES','10:20:00','11:15:00'),(692,11,NULL,'MIÉRCOLES','11:45:00','12:40:00'),(693,11,NULL,'MIÉRCOLES','12:40:00','13:35:00'),(694,11,NULL,'MIÉRCOLES','13:35:00','14:30:00'),(695,11,NULL,'JUEVES','08:30:00','09:25:00'),(696,11,NULL,'JUEVES','09:25:00','10:20:00'),(697,11,10,'JUEVES','10:20:00','11:15:00'),(698,11,10,'JUEVES','11:45:00','12:40:00'),(699,11,10,'JUEVES','12:40:00','13:35:00'),(700,11,10,'JUEVES','13:35:00','14:30:00'),(701,11,NULL,'VIERNES','08:30:00','09:25:00'),(702,11,NULL,'VIERNES','09:25:00','10:20:00'),(703,11,NULL,'VIERNES','10:20:00','11:15:00'),(704,11,NULL,'VIERNES','11:45:00','12:40:00'),(705,11,NULL,'VIERNES','12:40:00','13:35:00'),(706,11,NULL,'VIERNES','13:35:00','14:30:00'),(707,25,NULL,'LUNES','08:30:00','09:25:00'),(708,25,NULL,'LUNES','09:25:00','10:20:00'),(709,25,NULL,'LUNES','10:20:00','11:15:00'),(710,25,NULL,'LUNES','11:45:00','12:40:00'),(711,25,NULL,'LUNES','12:40:00','13:35:00'),(712,25,NULL,'LUNES','13:35:00','14:30:00'),(713,25,NULL,'MARTES','08:30:00','09:25:00'),(714,25,NULL,'MARTES','09:25:00','10:20:00'),(715,25,NULL,'MARTES','10:20:00','11:15:00'),(716,25,NULL,'MARTES','11:45:00','12:40:00'),(717,25,NULL,'MARTES','12:40:00','13:35:00'),(718,25,NULL,'MARTES','13:35:00','14:30:00'),(719,25,4,'MIÉRCOLES','08:30:00','09:25:00'),(720,25,4,'MIÉRCOLES','09:25:00','10:20:00'),(721,25,NULL,'MIÉRCOLES','10:20:00','11:15:00'),(722,25,NULL,'MIÉRCOLES','11:45:00','12:40:00'),(723,25,NULL,'MIÉRCOLES','12:40:00','13:35:00'),(724,25,NULL,'MIÉRCOLES','13:35:00','14:30:00'),(725,25,4,'JUEVES','08:30:00','09:25:00'),(726,25,NULL,'JUEVES','09:25:00','10:20:00'),(727,25,NULL,'JUEVES','10:20:00','11:15:00'),(728,25,NULL,'JUEVES','11:45:00','12:40:00'),(729,25,NULL,'JUEVES','12:40:00','13:35:00'),(730,25,NULL,'JUEVES','13:35:00','14:30:00'),(731,25,4,'VIERNES','08:30:00','09:25:00'),(732,25,4,'VIERNES','09:25:00','10:20:00'),(733,25,4,'VIERNES','10:20:00','11:15:00'),(734,25,4,'VIERNES','11:45:00','12:40:00'),(735,25,4,'VIERNES','12:40:00','13:35:00'),(736,25,4,'VIERNES','13:35:00','14:30:00'),(737,13,NULL,'LUNES','08:30:00','09:25:00'),(738,13,NULL,'LUNES','09:25:00','10:20:00'),(739,13,NULL,'LUNES','10:20:00','11:15:00'),(740,13,NULL,'LUNES','11:45:00','12:40:00'),(741,13,NULL,'LUNES','12:40:00','13:35:00'),(742,13,NULL,'LUNES','13:35:00','14:30:00'),(743,13,NULL,'MARTES','08:30:00','09:25:00'),(744,13,NULL,'MARTES','09:25:00','10:20:00'),(745,13,NULL,'MARTES','10:20:00','11:15:00'),(746,13,NULL,'MARTES','11:45:00','12:40:00'),(747,13,NULL,'MARTES','12:40:00','13:35:00'),(748,13,NULL,'MARTES','13:35:00','14:30:00'),(749,13,NULL,'MIÉRCOLES','08:30:00','09:25:00'),(750,13,NULL,'MIÉRCOLES','09:25:00','10:20:00'),(751,13,12,'MIÉRCOLES','10:20:00','11:15:00'),(752,13,NULL,'MIÉRCOLES','11:45:00','12:40:00'),(753,13,NULL,'MIÉRCOLES','12:40:00','13:35:00'),(754,13,NULL,'MIÉRCOLES','13:35:00','14:30:00'),(755,13,NULL,'JUEVES','08:30:00','09:25:00'),(756,13,NULL,'JUEVES','09:25:00','10:20:00'),(757,13,NULL,'JUEVES','10:20:00','11:15:00'),(758,13,NULL,'JUEVES','11:45:00','12:40:00'),(759,13,NULL,'JUEVES','12:40:00','13:35:00'),(760,13,NULL,'JUEVES','13:35:00','14:30:00'),(761,13,NULL,'VIERNES','08:30:00','09:25:00'),(762,13,NULL,'VIERNES','09:25:00','10:20:00'),(763,13,NULL,'VIERNES','10:20:00','11:15:00'),(764,13,NULL,'VIERNES','11:45:00','12:40:00'),(765,13,12,'VIERNES','12:40:00','13:35:00'),(766,13,12,'VIERNES','13:35:00','14:30:00'),(767,18,NULL,'LUNES','08:30:00','09:25:00'),(768,18,NULL,'LUNES','09:25:00','10:20:00'),(769,18,NULL,'LUNES','10:20:00','11:15:00'),(770,18,19,'LUNES','11:45:00','12:40:00'),(771,18,NULL,'LUNES','12:40:00','13:35:00'),(772,18,19,'LUNES','13:35:00','14:30:00'),(773,18,19,'MARTES','08:30:00','09:25:00'),(774,18,19,'MARTES','09:25:00','10:20:00'),(775,18,19,'MARTES','10:20:00','11:15:00'),(776,18,19,'MARTES','11:45:00','12:40:00'),(777,18,NULL,'MARTES','12:40:00','13:35:00'),(778,18,NULL,'MARTES','13:35:00','14:30:00'),(779,18,19,'MIÉRCOLES','08:30:00','09:25:00'),(780,18,19,'MIÉRCOLES','09:25:00','10:20:00'),(781,18,19,'MIÉRCOLES','10:20:00','11:15:00'),(782,18,22,'MIÉRCOLES','11:45:00','12:40:00'),(783,18,22,'MIÉRCOLES','12:40:00','13:35:00'),(784,18,22,'MIÉRCOLES','13:35:00','14:30:00'),(785,18,22,'JUEVES','08:30:00','09:25:00'),(786,18,19,'JUEVES','09:25:00','10:20:00'),(787,18,19,'JUEVES','10:20:00','11:15:00'),(788,18,12,'JUEVES','11:45:00','12:40:00'),(789,18,19,'JUEVES','12:40:00','13:35:00'),(790,18,19,'JUEVES','13:35:00','14:30:00'),(791,18,12,'VIERNES','08:30:00','09:25:00'),(792,18,12,'VIERNES','09:25:00','10:20:00'),(793,18,22,'VIERNES','10:20:00','11:15:00'),(794,18,NULL,'VIERNES','11:45:00','12:40:00'),(795,18,19,'VIERNES','12:40:00','13:35:00'),(796,18,19,'VIERNES','13:35:00','14:30:00'),(797,26,12,'LUNES','08:30:00','09:25:00'),(798,26,12,'LUNES','09:25:00','10:20:00'),(799,26,12,'LUNES','10:20:00','11:15:00'),(800,26,NULL,'LUNES','11:45:00','12:40:00'),(801,26,NULL,'LUNES','12:40:00','13:35:00'),(802,26,NULL,'LUNES','13:35:00','14:30:00'),(803,26,NULL,'MARTES','08:30:00','09:25:00'),(804,26,NULL,'MARTES','09:25:00','10:20:00'),(805,26,NULL,'MARTES','10:20:00','11:15:00'),(806,26,NULL,'MARTES','11:45:00','12:40:00'),(807,26,NULL,'MARTES','12:40:00','13:35:00'),(808,26,NULL,'MARTES','13:35:00','14:30:00'),(809,26,12,'MIÉRCOLES','08:30:00','09:25:00'),(810,26,12,'MIÉRCOLES','09:25:00','10:20:00'),(811,26,12,'MIÉRCOLES','10:20:00','11:15:00'),(812,26,NULL,'MIÉRCOLES','11:45:00','12:40:00'),(813,26,NULL,'MIÉRCOLES','12:40:00','13:35:00'),(814,26,NULL,'MIÉRCOLES','13:35:00','14:30:00'),(815,26,NULL,'JUEVES','08:30:00','09:25:00'),(816,26,NULL,'JUEVES','09:25:00','10:20:00'),(817,26,NULL,'JUEVES','10:20:00','11:15:00'),(818,26,NULL,'JUEVES','11:45:00','12:40:00'),(819,26,NULL,'JUEVES','12:40:00','13:35:00'),(820,26,NULL,'JUEVES','13:35:00','14:30:00'),(821,26,NULL,'VIERNES','08:30:00','09:25:00'),(822,26,NULL,'VIERNES','09:25:00','10:20:00'),(823,26,NULL,'VIERNES','10:20:00','11:15:00'),(824,26,NULL,'VIERNES','11:45:00','12:40:00'),(825,26,NULL,'VIERNES','12:40:00','13:35:00'),(826,26,NULL,'VIERNES','13:35:00','14:30:00'),(827,27,11,'LUNES','15:30:00','16:25:00'),(828,27,11,'LUNES','16:25:00','17:20:00'),(829,27,11,'LUNES','17:20:00','18:15:00'),(830,27,11,'LUNES','18:45:00','19:40:00'),(831,27,11,'LUNES','19:40:00','20:35:00'),(832,27,11,'LUNES','20:35:00','21:30:00'),(833,27,NULL,'MARTES','15:30:00','16:25:00'),(834,27,NULL,'MARTES','16:25:00','17:20:00'),(835,27,NULL,'MARTES','17:20:00','18:15:00'),(836,27,NULL,'MARTES','18:45:00','19:40:00'),(837,27,NULL,'MARTES','19:40:00','20:35:00'),(838,27,NULL,'MARTES','20:35:00','21:30:00'),(839,27,NULL,'MIÉRCOLES','15:30:00','16:25:00'),(840,27,NULL,'MIÉRCOLES','16:25:00','17:20:00'),(841,27,NULL,'MIÉRCOLES','17:20:00','18:15:00'),(842,27,NULL,'MIÉRCOLES','18:45:00','19:40:00'),(843,27,NULL,'MIÉRCOLES','19:40:00','20:35:00'),(844,27,NULL,'MIÉRCOLES','20:35:00','21:30:00'),(845,27,NULL,'JUEVES','15:30:00','16:25:00'),(846,27,NULL,'JUEVES','16:25:00','17:20:00'),(847,27,NULL,'JUEVES','17:20:00','18:15:00'),(848,27,NULL,'JUEVES','18:45:00','19:40:00'),(849,27,NULL,'JUEVES','19:40:00','20:35:00'),(850,27,NULL,'JUEVES','20:35:00','21:30:00'),(851,27,11,'VIERNES','15:30:00','16:25:00'),(852,27,NULL,'VIERNES','16:25:00','17:20:00'),(853,27,NULL,'VIERNES','17:20:00','18:15:00'),(854,27,NULL,'VIERNES','18:45:00','19:40:00'),(855,27,NULL,'VIERNES','19:40:00','20:35:00'),(856,27,NULL,'VIERNES','20:35:00','21:30:00'),(857,17,23,'LUNES','08:30:00','09:25:00'),(858,17,23,'LUNES','09:25:00','10:20:00'),(859,17,24,'LUNES','10:20:00','11:15:00'),(860,17,NULL,'LUNES','11:45:00','12:40:00'),(861,17,24,'LUNES','12:40:00','13:35:00'),(862,17,NULL,'LUNES','13:35:00','14:30:00'),(863,17,24,'MARTES','08:30:00','09:25:00'),(864,17,24,'MARTES','09:25:00','10:20:00'),(865,17,24,'MARTES','10:20:00','11:15:00'),(866,17,17,'MARTES','11:45:00','12:40:00'),(867,17,17,'MARTES','12:40:00','13:35:00'),(868,17,17,'MARTES','13:35:00','14:30:00'),(869,17,23,'MIÉRCOLES','08:30:00','09:25:00'),(870,17,23,'MIÉRCOLES','09:25:00','10:20:00'),(871,17,23,'MIÉRCOLES','10:20:00','11:15:00'),(872,17,17,'MIÉRCOLES','11:45:00','12:40:00'),(873,17,17,'MIÉRCOLES','12:40:00','13:35:00'),(874,17,17,'MIÉRCOLES','13:35:00','14:30:00'),(875,17,17,'JUEVES','08:30:00','09:25:00'),(876,17,23,'JUEVES','09:25:00','10:20:00'),(877,17,23,'JUEVES','10:20:00','11:15:00'),(878,17,NULL,'JUEVES','11:45:00','12:40:00'),(879,17,17,'JUEVES','12:40:00','13:35:00'),(880,17,17,'JUEVES','13:35:00','14:30:00'),(881,17,17,'VIERNES','08:30:00','09:25:00'),(882,17,17,'VIERNES','09:25:00','10:20:00'),(883,17,17,'VIERNES','10:20:00','11:15:00'),(884,17,24,'VIERNES','11:45:00','12:40:00'),(885,17,24,'VIERNES','12:40:00','13:35:00'),(886,17,24,'VIERNES','13:35:00','14:30:00'),(887,28,NULL,'LUNES','08:30:00','09:25:00'),(888,28,NULL,'LUNES','09:25:00','10:20:00'),(889,28,NULL,'LUNES','10:20:00','11:15:00'),(890,28,18,'LUNES','11:45:00','12:40:00'),(891,28,18,'LUNES','12:40:00','13:35:00'),(892,28,21,'LUNES','13:35:00','14:30:00'),(893,28,NULL,'MARTES','08:30:00','09:25:00'),(894,28,NULL,'MARTES','09:25:00','10:20:00'),(895,28,NULL,'MARTES','10:20:00','11:15:00'),(896,28,21,'MARTES','11:45:00','12:40:00'),(897,28,21,'MARTES','12:40:00','13:35:00'),(898,28,21,'MARTES','13:35:00','14:30:00'),(899,28,NULL,'MIÉRCOLES','08:30:00','09:25:00'),(900,28,NULL,'MIÉRCOLES','09:25:00','10:20:00'),(901,28,NULL,'MIÉRCOLES','10:20:00','11:15:00'),(902,28,18,'MIÉRCOLES','11:45:00','12:40:00'),(903,28,18,'MIÉRCOLES','12:40:00','13:35:00'),(904,28,18,'MIÉRCOLES','13:35:00','14:30:00'),(905,28,NULL,'JUEVES','08:30:00','09:25:00'),(906,28,NULL,'JUEVES','09:25:00','10:20:00'),(907,28,NULL,'JUEVES','10:20:00','11:15:00'),(908,28,21,'JUEVES','11:45:00','12:40:00'),(909,28,21,'JUEVES','12:40:00','13:35:00'),(910,28,21,'JUEVES','13:35:00','14:30:00'),(911,28,NULL,'VIERNES','08:30:00','09:25:00'),(912,28,NULL,'VIERNES','09:25:00','10:20:00'),(913,28,NULL,'VIERNES','10:20:00','11:15:00'),(914,28,18,'VIERNES','11:45:00','12:40:00'),(915,28,18,'VIERNES','12:40:00','13:35:00'),(916,28,18,'VIERNES','13:35:00','14:30:00'),(917,19,27,'LUNES','08:30:00','09:25:00'),(918,19,27,'LUNES','09:25:00','10:20:00'),(919,19,27,'LUNES','10:20:00','11:15:00'),(920,19,27,'LUNES','11:45:00','12:40:00'),(921,19,27,'LUNES','12:40:00','13:35:00'),(922,19,27,'LUNES','13:35:00','14:30:00'),(923,19,27,'MARTES','08:30:00','09:25:00'),(924,19,27,'MARTES','09:25:00','10:20:00'),(925,19,27,'MARTES','10:20:00','11:15:00'),(926,19,29,'MARTES','11:45:00','12:40:00'),(927,19,29,'MARTES','12:40:00','13:35:00'),(928,19,29,'MARTES','13:35:00','14:30:00'),(929,19,NULL,'MIÉRCOLES','08:30:00','09:25:00'),(930,19,NULL,'MIÉRCOLES','09:25:00','10:20:00'),(931,19,NULL,'MIÉRCOLES','10:20:00','11:15:00'),(932,19,33,'MIÉRCOLES','11:45:00','12:40:00'),(933,19,33,'MIÉRCOLES','12:40:00','13:35:00'),(934,19,33,'MIÉRCOLES','13:35:00','14:30:00'),(935,19,27,'JUEVES','08:30:00','09:25:00'),(936,19,27,'JUEVES','09:25:00','10:20:00'),(937,19,29,'JUEVES','10:20:00','11:15:00'),(938,19,29,'JUEVES','11:45:00','12:40:00'),(939,19,27,'JUEVES','12:40:00','13:35:00'),(940,19,27,'JUEVES','13:35:00','14:30:00'),(941,19,27,'VIERNES','08:30:00','09:25:00'),(942,19,27,'VIERNES','09:25:00','10:20:00'),(943,19,27,'VIERNES','10:20:00','11:15:00'),(944,19,33,'VIERNES','11:45:00','12:40:00'),(945,19,33,'VIERNES','12:40:00','13:35:00'),(946,19,33,'VIERNES','13:35:00','14:30:00'),(947,29,NULL,'LUNES','15:30:00','16:25:00'),(948,29,NULL,'LUNES','16:25:00','17:20:00'),(949,29,NULL,'LUNES','17:20:00','18:15:00'),(950,29,NULL,'LUNES','18:45:00','19:40:00'),(951,29,NULL,'LUNES','19:40:00','20:35:00'),(952,29,NULL,'LUNES','20:35:00','21:30:00'),(953,29,NULL,'MARTES','15:30:00','16:25:00'),(954,29,NULL,'MARTES','16:25:00','17:20:00'),(955,29,NULL,'MARTES','17:20:00','18:15:00'),(956,29,NULL,'MARTES','18:45:00','19:40:00'),(957,29,NULL,'MARTES','19:40:00','20:35:00'),(958,29,NULL,'MARTES','20:35:00','21:30:00'),(959,29,NULL,'MIÉRCOLES','15:30:00','16:25:00'),(960,29,NULL,'MIÉRCOLES','16:25:00','17:20:00'),(961,29,NULL,'MIÉRCOLES','17:20:00','18:15:00'),(962,29,NULL,'MIÉRCOLES','18:45:00','19:40:00'),(963,29,NULL,'MIÉRCOLES','19:40:00','20:35:00'),(964,29,NULL,'MIÉRCOLES','20:35:00','21:30:00'),(965,29,NULL,'JUEVES','15:30:00','16:25:00'),(966,29,NULL,'JUEVES','16:25:00','17:20:00'),(967,29,NULL,'JUEVES','17:20:00','18:15:00'),(968,29,4,'JUEVES','18:45:00','19:40:00'),(969,29,4,'JUEVES','19:40:00','20:35:00'),(970,29,4,'JUEVES','20:35:00','21:30:00'),(971,29,NULL,'VIERNES','15:30:00','16:25:00'),(972,29,NULL,'VIERNES','16:25:00','17:20:00'),(973,29,NULL,'VIERNES','17:20:00','18:15:00'),(974,29,NULL,'VIERNES','18:45:00','19:40:00'),(975,29,NULL,'VIERNES','19:40:00','20:35:00'),(976,29,NULL,'VIERNES','20:35:00','21:30:00'),(977,20,28,'LUNES','08:30:00','09:25:00'),(978,20,28,'LUNES','09:25:00','10:20:00'),(979,20,28,'LUNES','10:20:00','11:15:00'),(980,20,28,'LUNES','11:45:00','12:40:00'),(981,20,28,'LUNES','12:40:00','13:35:00'),(982,20,28,'LUNES','13:35:00','14:30:00'),(983,20,NULL,'MARTES','08:30:00','09:25:00'),(984,20,NULL,'MARTES','09:25:00','10:20:00'),(985,20,NULL,'MARTES','10:20:00','11:15:00'),(986,20,NULL,'MARTES','11:45:00','12:40:00'),(987,20,NULL,'MARTES','12:40:00','13:35:00'),(988,20,NULL,'MARTES','13:35:00','14:30:00'),(989,20,28,'MIÉRCOLES','08:30:00','09:25:00'),(990,20,28,'MIÉRCOLES','09:25:00','10:20:00'),(991,20,28,'MIÉRCOLES','10:20:00','11:15:00'),(992,20,28,'MIÉRCOLES','11:45:00','12:40:00'),(993,20,28,'MIÉRCOLES','12:40:00','13:35:00'),(994,20,28,'MIÉRCOLES','13:35:00','14:30:00'),(995,20,NULL,'JUEVES','08:30:00','09:25:00'),(996,20,NULL,'JUEVES','09:25:00','10:20:00'),(997,20,28,'JUEVES','10:20:00','11:15:00'),(998,20,28,'JUEVES','11:45:00','12:40:00'),(999,20,28,'JUEVES','12:40:00','13:35:00'),(1000,20,28,'JUEVES','13:35:00','14:30:00'),(1001,20,NULL,'VIERNES','08:30:00','09:25:00'),(1002,20,NULL,'VIERNES','09:25:00','10:20:00'),(1003,20,NULL,'VIERNES','10:20:00','11:15:00'),(1004,20,NULL,'VIERNES','11:45:00','12:40:00'),(1005,20,NULL,'VIERNES','12:40:00','13:35:00'),(1006,20,NULL,'VIERNES','13:35:00','14:30:00'),(1007,14,NULL,'LUNES','15:30:00','16:25:00'),(1008,14,NULL,'LUNES','16:25:00','17:20:00'),(1009,14,NULL,'LUNES','17:20:00','18:15:00'),(1010,14,NULL,'LUNES','18:45:00','19:40:00'),(1011,14,NULL,'LUNES','19:40:00','20:35:00'),(1012,14,NULL,'LUNES','20:35:00','21:30:00'),(1013,14,NULL,'MARTES','15:30:00','16:25:00'),(1014,14,NULL,'MARTES','16:25:00','17:20:00'),(1015,14,NULL,'MARTES','17:20:00','18:15:00'),(1016,14,NULL,'MARTES','18:45:00','19:40:00'),(1017,14,NULL,'MARTES','19:40:00','20:35:00'),(1018,14,NULL,'MARTES','20:35:00','21:30:00'),(1019,14,NULL,'MIÉRCOLES','15:30:00','16:25:00'),(1020,14,NULL,'MIÉRCOLES','16:25:00','17:20:00'),(1021,14,NULL,'MIÉRCOLES','17:20:00','18:15:00'),(1022,14,NULL,'MIÉRCOLES','18:45:00','19:40:00'),(1023,14,NULL,'MIÉRCOLES','19:40:00','20:35:00'),(1024,14,NULL,'MIÉRCOLES','20:35:00','21:30:00'),(1025,14,NULL,'JUEVES','15:30:00','16:25:00'),(1026,14,NULL,'JUEVES','16:25:00','17:20:00'),(1027,14,NULL,'JUEVES','17:20:00','18:15:00'),(1028,14,NULL,'JUEVES','18:45:00','19:40:00'),(1029,14,NULL,'JUEVES','19:40:00','20:35:00'),(1030,14,NULL,'JUEVES','20:35:00','21:30:00'),(1031,14,NULL,'VIERNES','15:30:00','16:25:00'),(1032,14,NULL,'VIERNES','16:25:00','17:20:00'),(1033,14,8,'VIERNES','17:20:00','18:15:00'),(1034,14,8,'VIERNES','18:45:00','19:40:00'),(1035,14,8,'VIERNES','19:40:00','20:35:00'),(1036,14,8,'VIERNES','20:35:00','21:30:00'),(1037,21,NULL,'LUNES','08:30:00','09:25:00'),(1038,21,NULL,'LUNES','09:25:00','10:20:00'),(1039,21,NULL,'LUNES','10:20:00','11:15:00'),(1040,21,NULL,'LUNES','11:45:00','12:40:00'),(1041,21,NULL,'LUNES','12:40:00','13:35:00'),(1042,21,NULL,'LUNES','13:35:00','14:30:00'),(1043,21,NULL,'MARTES','08:30:00','09:25:00'),(1044,21,NULL,'MARTES','09:25:00','10:20:00'),(1045,21,NULL,'MARTES','10:20:00','11:15:00'),(1046,21,31,'MARTES','11:45:00','12:40:00'),(1047,21,31,'MARTES','12:40:00','13:35:00'),(1048,21,31,'MARTES','13:35:00','14:30:00'),(1049,21,NULL,'MIÉRCOLES','08:30:00','09:25:00'),(1050,21,NULL,'MIÉRCOLES','09:25:00','10:20:00'),(1051,21,NULL,'MIÉRCOLES','10:20:00','11:15:00'),(1052,21,NULL,'MIÉRCOLES','11:45:00','12:40:00'),(1053,21,NULL,'MIÉRCOLES','12:40:00','13:35:00'),(1054,21,NULL,'MIÉRCOLES','13:35:00','14:30:00'),(1055,21,29,'JUEVES','08:30:00','09:25:00'),(1056,21,29,'JUEVES','09:25:00','10:20:00'),(1057,21,31,'JUEVES','10:20:00','11:15:00'),(1058,21,31,'JUEVES','11:45:00','12:40:00'),(1059,21,31,'JUEVES','12:40:00','13:35:00'),(1060,21,31,'JUEVES','13:35:00','14:30:00'),(1061,21,NULL,'VIERNES','08:30:00','09:25:00'),(1062,21,NULL,'VIERNES','09:25:00','10:20:00'),(1063,21,NULL,'VIERNES','10:20:00','11:15:00'),(1064,21,29,'VIERNES','11:45:00','12:40:00'),(1065,21,29,'VIERNES','12:40:00','13:35:00'),(1066,21,29,'VIERNES','13:35:00','14:30:00'),(1067,22,NULL,'LUNES','08:30:00','09:25:00'),(1068,22,NULL,'LUNES','09:25:00','10:20:00'),(1069,22,NULL,'LUNES','10:20:00','11:15:00'),(1070,22,30,'LUNES','11:45:00','12:40:00'),(1071,22,30,'LUNES','12:40:00','13:35:00'),(1072,22,30,'LUNES','13:35:00','14:30:00'),(1073,22,NULL,'MARTES','08:30:00','09:25:00'),(1074,22,NULL,'MARTES','09:25:00','10:20:00'),(1075,22,NULL,'MARTES','10:20:00','11:15:00'),(1076,22,NULL,'MARTES','11:45:00','12:40:00'),(1077,22,NULL,'MARTES','12:40:00','13:35:00'),(1078,22,NULL,'MARTES','13:35:00','14:30:00'),(1079,22,NULL,'MIÉRCOLES','08:30:00','09:25:00'),(1080,22,NULL,'MIÉRCOLES','09:25:00','10:20:00'),(1081,22,NULL,'MIÉRCOLES','10:20:00','11:15:00'),(1082,22,NULL,'MIÉRCOLES','11:45:00','12:40:00'),(1083,22,NULL,'MIÉRCOLES','12:40:00','13:35:00'),(1084,22,NULL,'MIÉRCOLES','13:35:00','14:30:00'),(1085,22,NULL,'JUEVES','08:30:00','09:25:00'),(1086,22,NULL,'JUEVES','09:25:00','10:20:00'),(1087,22,NULL,'JUEVES','10:20:00','11:15:00'),(1088,22,NULL,'JUEVES','11:45:00','12:40:00'),(1089,22,NULL,'JUEVES','12:40:00','13:35:00'),(1090,22,NULL,'JUEVES','13:35:00','14:30:00'),(1091,22,30,'VIERNES','08:30:00','09:25:00'),(1092,22,30,'VIERNES','09:25:00','10:20:00'),(1093,22,30,'VIERNES','10:20:00','11:15:00'),(1094,22,NULL,'VIERNES','11:45:00','12:40:00'),(1095,22,NULL,'VIERNES','12:40:00','13:35:00'),(1096,22,NULL,'VIERNES','13:35:00','14:30:00'),(1097,23,32,'LUNES','08:30:00','09:25:00'),(1098,23,32,'LUNES','09:25:00','10:20:00'),(1099,23,32,'LUNES','10:20:00','11:15:00'),(1100,23,NULL,'LUNES','11:45:00','12:40:00'),(1101,23,NULL,'LUNES','12:40:00','13:35:00'),(1102,23,NULL,'LUNES','13:35:00','14:30:00'),(1103,23,32,'MARTES','08:30:00','09:25:00'),(1104,23,32,'MARTES','09:25:00','10:20:00'),(1105,23,32,'MARTES','10:20:00','11:15:00'),(1106,23,NULL,'MARTES','11:45:00','12:40:00'),(1107,23,NULL,'MARTES','12:40:00','13:35:00'),(1108,23,NULL,'MARTES','13:35:00','14:30:00'),(1109,23,32,'MIÉRCOLES','08:30:00','09:25:00'),(1110,23,32,'MIÉRCOLES','09:25:00','10:20:00'),(1111,23,32,'MIÉRCOLES','10:20:00','11:15:00'),(1112,23,NULL,'MIÉRCOLES','11:45:00','12:40:00'),(1113,23,NULL,'MIÉRCOLES','12:40:00','13:35:00'),(1114,23,NULL,'MIÉRCOLES','13:35:00','14:30:00'),(1115,23,NULL,'JUEVES','08:30:00','09:25:00'),(1116,23,NULL,'JUEVES','09:25:00','10:20:00'),(1117,23,NULL,'JUEVES','10:20:00','11:15:00'),(1118,23,NULL,'JUEVES','11:45:00','12:40:00'),(1119,23,NULL,'JUEVES','12:40:00','13:35:00'),(1120,23,NULL,'JUEVES','13:35:00','14:30:00'),(1121,23,NULL,'VIERNES','08:30:00','09:25:00'),(1122,23,NULL,'VIERNES','09:25:00','10:20:00'),(1123,23,NULL,'VIERNES','10:20:00','11:15:00'),(1124,23,NULL,'VIERNES','11:45:00','12:40:00'),(1125,23,NULL,'VIERNES','12:40:00','13:35:00'),(1126,23,NULL,'VIERNES','13:35:00','14:30:00'),(1127,5,NULL,'LUNES','15:30:00','16:25:00'),(1128,5,NULL,'LUNES','16:25:00','17:20:00'),(1129,5,NULL,'LUNES','17:20:00','18:15:00'),(1130,5,NULL,'LUNES','18:45:00','19:40:00'),(1131,5,NULL,'LUNES','19:40:00','20:35:00'),(1132,5,NULL,'LUNES','20:35:00','21:30:00'),(1133,5,NULL,'MARTES','15:30:00','16:25:00'),(1134,5,NULL,'MARTES','16:25:00','17:20:00'),(1135,5,NULL,'MARTES','17:20:00','18:15:00'),(1136,5,NULL,'MARTES','18:45:00','19:40:00'),(1137,5,NULL,'MARTES','19:40:00','20:35:00'),(1138,5,NULL,'MARTES','20:35:00','21:30:00'),(1139,5,NULL,'MIÉRCOLES','15:30:00','16:25:00'),(1140,5,5,'MIÉRCOLES','16:25:00','17:20:00'),(1141,5,5,'MIÉRCOLES','17:20:00','18:15:00'),(1142,5,NULL,'MIÉRCOLES','18:45:00','19:40:00'),(1143,5,NULL,'MIÉRCOLES','19:40:00','20:35:00'),(1144,5,NULL,'MIÉRCOLES','20:35:00','21:30:00'),(1145,5,NULL,'JUEVES','15:30:00','16:25:00'),(1146,5,NULL,'JUEVES','16:25:00','17:20:00'),(1147,5,NULL,'JUEVES','17:20:00','18:15:00'),(1148,5,35,'JUEVES','18:45:00','19:40:00'),(1149,5,35,'JUEVES','19:40:00','20:35:00'),(1150,5,35,'JUEVES','20:35:00','21:30:00'),(1151,5,4,'VIERNES','15:30:00','16:25:00'),(1152,5,4,'VIERNES','16:25:00','17:20:00'),(1153,5,NULL,'VIERNES','17:20:00','18:15:00'),(1154,5,NULL,'VIERNES','18:45:00','19:40:00'),(1155,5,NULL,'VIERNES','19:40:00','20:35:00'),(1156,5,NULL,'VIERNES','20:35:00','21:30:00'),(1157,5,NULL,'LUNES','08:30:00','09:25:00'),(1158,5,NULL,'LUNES','09:25:00','10:20:00'),(1159,5,NULL,'LUNES','10:20:00','11:15:00'),(1160,5,NULL,'LUNES','11:45:00','12:40:00'),(1161,5,NULL,'LUNES','12:40:00','13:35:00'),(1162,5,NULL,'LUNES','13:35:00','14:30:00'),(1163,5,NULL,'MARTES','08:30:00','09:25:00'),(1164,5,NULL,'MARTES','09:25:00','10:20:00'),(1165,5,NULL,'MARTES','10:20:00','11:15:00'),(1166,5,NULL,'MARTES','11:45:00','12:40:00'),(1167,5,NULL,'MARTES','12:40:00','13:35:00'),(1168,5,NULL,'MARTES','13:35:00','14:30:00'),(1169,5,35,'MIÉRCOLES','08:30:00','09:25:00'),(1170,5,35,'MIÉRCOLES','09:25:00','10:20:00'),(1171,5,NULL,'MIÉRCOLES','10:20:00','11:15:00'),(1172,5,NULL,'MIÉRCOLES','11:45:00','12:40:00'),(1173,5,NULL,'MIÉRCOLES','12:40:00','13:35:00'),(1174,5,NULL,'MIÉRCOLES','13:35:00','14:30:00'),(1175,5,35,'JUEVES','08:30:00','09:25:00'),(1176,5,5,'JUEVES','09:25:00','10:20:00'),(1177,5,NULL,'JUEVES','10:20:00','11:15:00'),(1178,5,5,'JUEVES','11:45:00','12:40:00'),(1179,5,5,'JUEVES','12:40:00','13:35:00'),(1180,5,5,'JUEVES','13:35:00','14:30:00'),(1181,5,35,'VIERNES','08:30:00','09:25:00'),(1182,5,35,'VIERNES','09:25:00','10:20:00'),(1183,5,35,'VIERNES','10:20:00','11:15:00'),(1184,5,35,'VIERNES','11:45:00','12:40:00'),(1185,5,35,'VIERNES','12:40:00','13:35:00'),(1186,5,35,'VIERNES','13:35:00','14:30:00'),(1187,9,NULL,'LUNES','15:30:00','16:25:00'),(1188,9,1,'LUNES','16:25:00','17:20:00'),(1189,9,1,'LUNES','17:20:00','18:15:00'),(1190,9,1,'LUNES','18:45:00','19:40:00'),(1191,9,1,'LUNES','19:40:00','20:35:00'),(1192,9,1,'LUNES','20:35:00','21:30:00'),(1193,9,1,'MARTES','15:30:00','16:25:00'),(1194,9,1,'MARTES','16:25:00','17:20:00'),(1195,9,1,'MARTES','17:20:00','18:15:00'),(1196,9,1,'MARTES','18:45:00','19:40:00'),(1197,9,1,'MARTES','19:40:00','20:35:00'),(1198,9,1,'MARTES','20:35:00','21:30:00'),(1199,9,12,'MIÉRCOLES','15:30:00','16:25:00'),(1200,9,12,'MIÉRCOLES','16:25:00','17:20:00'),(1201,9,12,'MIÉRCOLES','17:20:00','18:15:00'),(1202,9,12,'MIÉRCOLES','18:45:00','19:40:00'),(1203,9,12,'MIÉRCOLES','19:40:00','20:35:00'),(1204,9,12,'MIÉRCOLES','20:35:00','21:30:00'),(1205,9,NULL,'JUEVES','15:30:00','16:25:00'),(1206,9,NULL,'JUEVES','16:25:00','17:20:00'),(1207,9,NULL,'JUEVES','17:20:00','18:15:00'),(1208,9,NULL,'JUEVES','18:45:00','19:40:00'),(1209,9,NULL,'JUEVES','19:40:00','20:35:00'),(1210,9,NULL,'JUEVES','20:35:00','21:30:00'),(1211,9,NULL,'VIERNES','15:30:00','16:25:00'),(1212,9,NULL,'VIERNES','16:25:00','17:20:00'),(1213,9,NULL,'VIERNES','17:20:00','18:15:00'),(1214,9,NULL,'VIERNES','18:45:00','19:40:00'),(1215,9,NULL,'VIERNES','19:40:00','20:35:00'),(1216,9,NULL,'VIERNES','20:35:00','21:30:00'),(1217,1,7,'LUNES','15:30:00','16:25:00'),(1218,1,NULL,'LUNES','16:25:00','17:20:00'),(1219,1,NULL,'LUNES','17:20:00','18:15:00'),(1220,1,NULL,'LUNES','18:45:00','19:40:00'),(1221,1,NULL,'LUNES','19:40:00','20:35:00'),(1222,1,NULL,'LUNES','20:35:00','21:30:00'),(1223,1,NULL,'MARTES','15:30:00','16:25:00'),(1224,1,NULL,'MARTES','16:25:00','17:20:00'),(1225,1,NULL,'MARTES','17:20:00','18:15:00'),(1226,1,NULL,'MARTES','18:45:00','19:40:00'),(1227,1,NULL,'MARTES','19:40:00','20:35:00'),(1228,1,NULL,'MARTES','20:35:00','21:30:00'),(1229,1,7,'MIÉRCOLES','15:30:00','16:25:00'),(1230,1,NULL,'MIÉRCOLES','16:25:00','17:20:00'),(1231,1,NULL,'MIÉRCOLES','17:20:00','18:15:00'),(1232,1,NULL,'MIÉRCOLES','18:45:00','19:40:00'),(1233,1,NULL,'MIÉRCOLES','19:40:00','20:35:00'),(1234,1,NULL,'MIÉRCOLES','20:35:00','21:30:00'),(1235,1,NULL,'JUEVES','15:30:00','16:25:00'),(1236,1,NULL,'JUEVES','16:25:00','17:20:00'),(1237,1,NULL,'JUEVES','17:20:00','18:15:00'),(1238,1,NULL,'JUEVES','18:45:00','19:40:00'),(1239,1,NULL,'JUEVES','19:40:00','20:35:00'),(1240,1,NULL,'JUEVES','20:35:00','21:30:00'),(1241,1,NULL,'VIERNES','15:30:00','16:25:00'),(1242,1,NULL,'VIERNES','16:25:00','17:20:00'),(1243,1,NULL,'VIERNES','17:20:00','18:15:00'),(1244,1,NULL,'VIERNES','18:45:00','19:40:00'),(1245,1,NULL,'VIERNES','19:40:00','20:35:00'),(1246,1,NULL,'VIERNES','20:35:00','21:30:00');
/*!40000 ALTER TABLE `horarioprofesor` ENABLE KEYS */;
UNLOCK TABLES;

--
-- Table structure for table `profesor`
--

DROP TABLE IF EXISTS `profesor`;
/*!40101 SET @saved_cs_client     = @@character_set_client */;
/*!50503 SET character_set_client = utf8mb4 */;
CREATE TABLE `profesor` (
  `ID_Profesor` int NOT NULL AUTO_INCREMENT,
  `Nombre` varchar(100) DEFAULT NULL,
  `Apellido` varchar(100) DEFAULT NULL,
  PRIMARY KEY (`ID_Profesor`)
) ENGINE=InnoDB AUTO_INCREMENT=58 DEFAULT CHARSET=utf8mb4 COLLATE=utf8mb4_0900_ai_ci;
/*!40101 SET character_set_client = @saved_cs_client */;

--
-- Dumping data for table `profesor`
--

LOCK TABLES `profesor` WRITE;
/*!40000 ALTER TABLE `profesor` DISABLE KEYS */;
INSERT INTO `profesor` VALUES (1,'Ruben',' Rodriguez Viñambres'),(2,'Javier','Martinez Chinchilla'),(3,'Maria del Mar','Angón Gregorio'),(4,'Ivon','Valdés Sanchez'),(5,'Lydia','Esteban Fiscer'),(6,'Jose Carlos','Martinez Garcia'),(7,'Celia','Casado Aguado'),(8,'Luis','Redondo Garces'),(9,'Maria de los Milagros','Moroño Suarez'),(10,'Esther','Velasco Ulloa'),(11,'Santiago','Segarra Peñuela'),(13,'Martín','Dos Santos Barrera'),(14,'Jose','Cortés Pinto'),(15,'Beatriz','Bilbao Areitio'),(16,'Sara','Garzón Cubero'),(17,'Raquel','Garcia Belmonte'),(18,'Luis','Magano Casero'),(19,'Leticia','Rodriguez Redondo'),(20,'Maria Aranzazu','Hebrero Muño'),(21,'Gonzalo','Soria Martinez'),(22,'Tomás','Falcón Muñoz'),(23,'Zoe','Cidoncha Segovia'),(24,'Jose Luis','Diaz Galan'),(25,'Beatriz','Martinez de la Riva'),(26,'Antonio','Arenales'),(27,'Roxana','Saftoiu'),(28,'Jose Antonio','Rodriguez'),(29,'Eva','Moreno'),(40,'Pauro','Rauro'),(51,'Pauro','Rauro');
/*!40000 ALTER TABLE `profesor` ENABLE KEYS */;
UNLOCK TABLES;

--
-- Dumping events for database 'metrodora_fp'
--

--
-- Dumping routines for database 'metrodora_fp'
--
/*!40103 SET TIME_ZONE=@OLD_TIME_ZONE */;

/*!40101 SET SQL_MODE=@OLD_SQL_MODE */;
/*!40014 SET FOREIGN_KEY_CHECKS=@OLD_FOREIGN_KEY_CHECKS */;
/*!40014 SET UNIQUE_CHECKS=@OLD_UNIQUE_CHECKS */;
/*!40101 SET CHARACTER_SET_CLIENT=@OLD_CHARACTER_SET_CLIENT */;
/*!40101 SET CHARACTER_SET_RESULTS=@OLD_CHARACTER_SET_RESULTS */;
/*!40101 SET COLLATION_CONNECTION=@OLD_COLLATION_CONNECTION */;
/*!40111 SET SQL_NOTES=@OLD_SQL_NOTES */;

-- Dump completed on 2024-06-18 13:23:26
